,Id,SalePrice
0,1461,125445.520846
1,1462,153044.835714
2,1463,183582.456786
3,1464,185481.716199
4,1465,200046.790667
5,1466,183536.982
6,1467,171724.692875
7,1468,176695.787452
8,1469,180745.291702
9,1470,123878.74
10,1471,185798.339922
11,1472,91852.7936667
12,1473,95105.702
13,1474,149735.451333
14,1475,133412.782848
15,1476,395941.854
16,1477,254340.772
17,1478,306063.108
18,1479,255049.904
19,1480,474769.686
20,1481,317185.906
21,1482,209802.884667
22,1483,178093.391708
23,1484,171507.593143
24,1485,172861.7945
25,1486,196381.115429
26,1487,331530.19
27,1488,239841.964
28,1489,212480.458125
29,1490,206119.449
30,1491,187394.137115
31,1492,114841.336
32,1493,166601.237026
33,1494,302570.096
34,1495,299406.064364
35,1496,227770.42
36,1497,196634.000652
37,1498,155732.516
38,1499,155023.296
39,1500,163077.424
40,1501,174754.137778
41,1502,160967.082857
42,1503,294188.208
43,1504,232789.772364
44,1505,219045.419333
45,1506,196999.478
46,1507,245823.032
47,1508,210195.206
48,1509,169051.778
49,1510,151407.628752
50,1511,152214.549282
51,1512,163169.063556
52,1513,144792.216
53,1514,152524.697714
54,1515,175838.013333
55,1516,153108.936333
56,1517,152480.58
57,1518,133439.352413
58,1519,202503.518
59,1520,137248.417022
60,1521,143702.774964
61,1522,158801.351889
62,1523,119745.444647
63,1524,123879.521452
64,1525,125595.062333
65,1526,126916.686444
66,1527,109668.132
67,1528,130560.656929
68,1529,142010.270238
69,1530,164821.832222
70,1531,126077.598
71,1532,106534.302
72,1533,139505.772
73,1534,115847.167417
74,1535,154637.761048
75,1536,119043.200667
76,1537,75079.25
77,1538,180539.798
78,1539,228939.308
79,1540,112796.25425
80,1541,146976.943815
81,1542,140618.826
82,1543,194760.066
83,1544,81023.07
84,1545,101297.541921
85,1546,119149.104
86,1547,136326.851
87,1548,135197.467692
88,1549,109818.411333
89,1550,141440.326
90,1551,115745.66
91,1552,138096.83
92,1553,145075.316
93,1554,113627.721886
94,1555,194461.943558
95,1556,132760.928
96,1557,128399.178667
97,1558,98049.103
98,1559,116601.104952
99,1560,150983.772
100,1561,143792.584864
101,1562,125917.557988
102,1563,125311.184
103,1564,160722.188689
104,1565,154271.809512
105,1566,219765.218
106,1567,84784.396
107,1568,233784.848
108,1569,149278.116
109,1570,130212.334667
110,1571,127562.54
111,1572,140973.418245
112,1573,219748.954
113,1574,119172.832667
114,1575,208359.133333
115,1576,216885.46
116,1577,208250.829458
117,1578,160059.117
118,1579,142772.406857
119,1580,188076.497372
120,1581,138877.674
121,1582,132627.051587
122,1583,323916.084
123,1584,236055.587333
124,1585,140857.8
125,1586,73280.22
126,1587,98797.9636667
127,1588,146430.308206
128,1589,98994.776
129,1590,126969.390545
130,1591,103860.097333
131,1592,130795.319333
132,1593,118222.402833
133,1594,138047.338
134,1595,124580.154
135,1596,234668.48
136,1597,194450.004
137,1598,184011.166667
138,1599,207793.200667
139,1600,192648.994667
140,1601,75671.637
141,1602,107804.765512
142,1603,93070.843
143,1604,283376.9
144,1605,247056.776364
145,1606,165082.745667
146,1607,162299.674
147,1608,218342.998125
148,1609,200642.429099
149,1610,167071.756
150,1611,148017.66525
151,1612,158332.39
152,1613,156469.428333
153,1614,120675.769212
154,1615,86684.222
155,1616,79883.18
156,1617,87368.0773333
157,1618,127853.708508
158,1619,128929.103429
159,1620,152297.364
160,1621,138621.02
161,1622,150530.826667
162,1623,287880.616
163,1624,191825.362
164,1625,125389.166667
165,1626,163985.235
166,1627,188420.459661
167,1628,273564.982
168,1629,176154.236687
169,1630,347441.648
170,1631,220442.401535
171,1632,250064.854
172,1633,170588.388618
173,1634,183320.925492
174,1635,180660.668
175,1636,161943.495647
176,1637,194576.816
177,1638,207047.852
178,1639,182737.36219
179,1640,251090.932
180,1641,191289.118
181,1642,224704.902
182,1643,226656.658364
183,1644,227775.5
184,1645,196893.506
185,1646,155496.179333
186,1647,163202.006
187,1648,141795.192459
188,1649,137625.080162
189,1650,123108.818
190,1651,124404.663333
191,1652,91888.0053333
192,1653,95943.0053333
193,1654,152858.61
194,1655,151025.286
195,1656,147971.978
196,1657,149770.115333
197,1658,150940.953333
198,1659,139137.27
199,1660,145369.339714
200,1661,464274.094
201,1662,391088.338
202,1663,371853.694
203,1664,457673.744
204,1665,316134.646
205,1666,331174.99
206,1667,353881.56
207,1668,327860.36
208,1669,301299.202
209,1670,339027.042
210,1671,269079.776
211,1672,475617.888
212,1673,299061.354
213,1674,255083.234
214,1675,190194.034832
215,1676,194281.329714
216,1677,214656.488875
217,1678,467478.216
218,1679,387093.764
219,1680,320277.374
220,1681,269168.97
221,1682,300147.678
222,1683,187057.285337
223,1684,169343.478042
224,1685,173810.766351
225,1686,169113.239105
226,1687,166640.844618
227,1688,184417.779209
228,1689,184659.257367
229,1690,182236.651496
230,1691,174981.55302
231,1692,262662.55
232,1693,170622.3845
233,1694,185443.224
234,1695,168421.845007
235,1696,261739.884
236,1697,168930.899007
237,1698,343762.62
238,1699,329099.658
239,1700,249921.082
240,1701,263213.128
241,1702,255857.342
242,1703,252595.63
243,1704,292233.562
244,1705,239337.058
245,1706,427831.492
246,1707,226239.245333
247,1708,222104.512208
248,1709,278529.112
249,1710,225092.3976
250,1711,267598.674
251,1712,238587.394
252,1713,249082.93
253,1714,223045.284667
254,1715,202324.114264
255,1716,175737.359333
256,1717,159499.736
257,1718,139940.511333
258,1719,200681.664462
259,1720,252647.268
260,1721,155886.393333
261,1722,130093.456
262,1723,155221.072
263,1724,211588.948
264,1725,226768.054
265,1726,189547.798
266,1727,170979.401333
267,1728,180865.41
268,1729,164491.813143
269,1730,160690.468
270,1731,123401.733916
271,1732,132040.978381
272,1733,124330.869501
273,1734,127697.202426
274,1735,132394.682833
275,1736,114907.120715
276,1737,363211.168
277,1738,221673.733392
278,1739,265337.904
279,1740,208973.924
280,1741,193157.18
281,1742,175763.586333
282,1743,175443.835
283,1744,316124.394
284,1745,242439.204
285,1746,278536.028
286,1747,210264.53
287,1748,218395.31
288,1749,161843.800105
289,1750,151462.784
290,1751,228470.706
291,1752,122803.670596
292,1753,139993.647222
293,1754,213527.442
294,1755,166938.2465
295,1756,123858.781587
296,1757,119157.466258
297,1758,147460.588361
298,1759,161877.779
299,1760,157278.669
300,1761,150710.028111
301,1762,171640.441
302,1763,162665.841328
303,1764,121377.899737
304,1765,161247.092752
305,1766,165290.998333
306,1767,185130.602
307,1768,138792.759394
308,1769,164840.676121
309,1770,138993.104167
310,1771,135330.428333
311,1772,139312.530583
312,1773,139338.730788
313,1774,132535.959556
314,1775,133917.118007
315,1776,127365.762029
316,1777,118515.868444
317,1778,132510.474
318,1779,117567.606
319,1780,162077.428
320,1781,133666.322202
321,1782,100132.947342
322,1783,127687.106
323,1784,94936.3076
324,1785,117364.729667
325,1786,150541.235455
326,1787,155278.01
327,1788,62816.506
328,1789,98913.536
329,1790,85518.502
330,1791,164578.194
331,1792,154892.833667
332,1793,137627.099667
333,1794,143066.171333
334,1795,136052.961042
335,1796,134241.441417
336,1797,122073.694
337,1798,122388.347515
338,1799,117835.175111
339,1800,131983.844513
340,1801,128047.23
341,1802,139905.287
342,1803,143727.871556
343,1804,139768.923333
344,1805,133887.158333
345,1806,116776.03
346,1807,138732.782
347,1808,117392.638
348,1809,128494.364
349,1810,145318.970788
350,1811,113154.562
351,1812,117930.208
352,1813,121704.452824
353,1814,98554.8830476
354,1815,65547.208
355,1816,100480.435026
356,1817,121079.756667
357,1818,138031.517
358,1819,116044.8096
359,1820,76456.622
360,1821,121141.348
361,1822,147616.737667
362,1823,59164.116
363,1824,136272.234
364,1825,139814.169886
365,1826,100292.605
366,1827,109909.714199
367,1828,138656.523
368,1829,115058.036
369,1830,138040.12
370,1831,160534.492
371,1832,113239.576
372,1833,140001.311455
373,1834,131116.496846
374,1835,149463.82
375,1836,131062.486788
376,1837,100078.504
377,1838,134773.284
378,1839,97240.204
379,1840,159317.743212
380,1841,143762.478545
381,1842,88342.782
382,1843,140855.097394
383,1844,133990.503333
384,1845,141570.245333
385,1846,150606.892033
386,1847,175133.564
387,1848,71577.25
388,1849,114483.668
389,1850,124183.074696
390,1851,148707.846
391,1852,124572.26
392,1853,131910.666545
393,1854,160247.102238
394,1855,160098.226
395,1856,213550.903778
396,1857,174586.122
397,1858,151991.552
398,1859,125130.574
399,1860,157889.866
400,1861,125373.698
401,1862,270155.636
402,1863,267832.082
403,1864,267832.082
404,1865,325754.662
405,1866,326059.656
406,1867,241434.788
407,1868,299711.706
408,1869,195640.25685
409,1870,244891.042
410,1871,254479.032
411,1872,169990.456661
412,1873,229336.292667
413,1874,142350.235714
414,1875,203973.643641
415,1876,198218.140444
416,1877,209401.956667
417,1878,211481.450476
418,1879,133172.136
419,1880,137291.960159
420,1881,238410.918
421,1882,254696.914
422,1883,195458.750949
423,1884,213734.988923
424,1885,258914.112
425,1886,301600.65
426,1887,201307.619778
427,1888,279077.722
428,1889,164633.30825
429,1890,132738.236143
430,1891,144078.686117
431,1892,109033.646
432,1893,133132.942
433,1894,126802.183624
434,1895,148477.68301
435,1896,120781.048333
436,1897,118462.233333
437,1898,115370.916
438,1899,147911.484989
439,1900,153572.63425
440,1901,177721.104
441,1902,152929.330667
442,1903,218773.776
443,1904,138857.92
444,1905,188311.838
445,1906,179255.524
446,1907,225826.716
447,1908,116773.818
448,1909,136680.242667
449,1910,126843.853333
450,1911,191160.07
451,1912,271134.716
452,1913,150263.958
453,1914,67038.984
454,1915,332438.212
455,1916,68410.752
456,1917,253869.036364
457,1918,137527.696
458,1919,157325.616667
459,1920,147555.809636
460,1921,393142.546
461,1922,326217.504
462,1923,208745.838
463,1924,231226.194
464,1925,227177.306
465,1926,375012.336
466,1927,136619.363596
467,1928,157693.012222
468,1929,125622.704
469,1930,134501.492667
470,1931,137697.472
471,1932,135913.946667
472,1933,171604.966
473,1934,182954.691804
474,1935,177347.150444
475,1936,190669.464786
476,1937,182687.700786
477,1938,174292.756
478,1939,248196.786
479,1940,198457.423714
480,1941,175354.075056
481,1942,190012.305875
482,1943,197045.608444
483,1944,312288.032
484,1945,366395.778
485,1946,178596.598
486,1947,311846.63
487,1948,182022.098
488,1949,237032.482
489,1950,178937.324596
490,1951,262193.742
491,1952,236982.886
492,1953,166661.116
493,1954,201025.958
494,1955,147159.057
495,1956,271110.998
496,1957,172478.519333
497,1958,300229.11
498,1959,139959.729758
499,1960,117505.287867
500,1961,122249.123322
501,1962,93233.136
502,1963,100766.052667
503,1964,111569.033111
504,1965,150970.978
505,1966,148475.681614
506,1967,292659.626
507,1968,395881.264
508,1969,375899.96
509,1970,436275.136
510,1971,441175.366
511,1972,366579.104
512,1973,272536.666
513,1974,315847.46
514,1975,463969.26
515,1976,278415.956364
516,1977,352327.672
517,1978,358146.244
518,1979,330504.272
519,1980,196767.683863
520,1981,334523.678
521,1982,229349.9
522,1983,218351.664
523,1984,169210.870248
524,1985,208908.822
525,1986,210474.526909
526,1987,181810.847469
527,1988,179158.068991
528,1989,187338.158421
529,1990,213202.346
530,1991,218505.046875
531,1992,205343.636
532,1993,170544.831711
533,1994,244525.144
534,1995,182243.030378
535,1996,257004.208
536,1997,327867.682
537,1998,353177.28
538,1999,259550.634
539,2000,302244.31
540,2001,276229.274
541,2002,234545.788
542,2003,251552.824
543,2004,262164.292
544,2005,227443.662
545,2006,225535.400083
546,2007,246569.912364
547,2008,209337.256
548,2009,191426.790343
549,2010,187924.792491
550,2011,147214.318
551,2012,169882.449345
552,2013,180984.273143
553,2014,189590.818
554,2015,193633.252491
555,2016,190872.871644
556,2017,198851.209126
557,2018,125697.222583
558,2019,133832.093429
559,2020,121587.248444
560,2021,117805.771253
561,2022,178904.382
562,2023,145380.595303
563,2024,240751.112
564,2025,381890.416
565,2026,183563.914328
566,2027,157587.07
567,2028,154658.006
568,2029,176713.102876
569,2030,275275.802
570,2031,253954.768
571,2032,273055.52
572,2033,269528.674
573,2034,165854.962
574,2035,205171.87
575,2036,188320.378
576,2037,194164.122
577,2038,329491.956
578,2039,211259.532
579,2040,392577.934
580,2041,283266.272
581,2042,203345.68119
582,2043,176052.722
583,2044,184427.116
584,2045,221008.295333
585,2046,151684.34925
586,2047,148041.276846
587,2048,133941.216
588,2049,133028.961758
589,2050,170959.358444
590,2051,107151.133333
591,2052,134151.735893
592,2053,142398.753869
593,2054,84918.4296667
594,2055,155200.178045
595,2056,136797.351143
596,2057,127638.220889
597,2058,198306.29
598,2059,135846.771712
599,2060,157916.618571
600,2061,164319.582444
601,2062,136954.567735
602,2063,116929.582182
603,2064,139635.395203
604,2065,124156.330286
605,2066,159662.747692
606,2067,130119.334
607,2068,133797.500222
608,2069,85682.4273333
609,2070,111271.227088
610,2071,95845.5833333
611,2072,132113.579333
612,2073,132586.822846
613,2074,176830.14
614,2075,144679.612857
615,2076,120323.473077
616,2077,148459.630366
617,2078,129782.546163
618,2079,133488.982
619,2080,118796.684936
620,2081,123918.395333
621,2082,129059.654472
622,2083,143823.386667
623,2084,113074.866062
624,2085,132169.839735
625,2086,121937.852
626,2087,121733.786031
627,2088,109910.39
628,2089,92208.1207143
629,2090,132767.062
630,2091,124108.78
631,2092,132111.683333
632,2093,137995.802
633,2094,124768.145879
634,2095,145771.824571
635,2096,87432.994
636,2097,99167.9702447
637,2098,146627.382
638,2099,65983.336
639,2100,108096.824
640,2101,128612.777636
641,2102,137894.416846
642,2103,103201.024324
643,2104,142114.13
644,2105,132859.52225
645,2106,79891.12
646,2107,209879.142
647,2108,116051.046277
648,2109,115393.019104
649,2110,125565.583233
650,2111,147278.714
651,2112,138942.558593
652,2113,119483.64499
653,2114,109653.358
654,2115,148877.662
655,2116,112424.122545
656,2117,147371.713636
657,2118,117857.272
658,2119,109140.214831
659,2120,110923.63
660,2121,89212.1683333
661,2122,103715.201619
662,2123,90345.399
663,2124,170330.129455
664,2125,131157.548788
665,2126,147497.66
666,2127,145758.069667
667,2128,131980.69625
668,2129,102554.092515
669,2130,144002.565917
670,2131,149862.596121
671,2132,113520.411238
672,2133,115979.164013
673,2134,117960.424127
674,2135,104193.476512
675,2136,82956.794
676,2137,115718.006
677,2138,135390.342778
678,2139,149054.437775
679,2140,136033.338485
680,2141,136679.63
681,2142,137807.800171
682,2143,139434.562403
683,2144,119216.486
684,2145,135115.603333
685,2146,150512.227462
686,2147,193608.11
687,2148,130951.498744
688,2149,134614.472
689,2150,222646.878
690,2151,120317.512323
691,2152,163044.584
692,2153,155630.540222
693,2154,109885.282
694,2155,120876.923092
695,2156,232775.078
696,2157,231663.164
697,2158,224017.396
698,2159,205699.478
699,2160,168531.7455
700,2161,253229.836
701,2162,407218.182
702,2163,334991.472
703,2164,255095.94
704,2165,185844.9605
705,2166,145728.809714
706,2167,209312.973778
707,2168,209825.797143
708,2169,191750.002987
709,2170,215826.617429
710,2171,154543.579333
711,2172,142406.591111
712,2173,176676.728
713,2174,240286.652
714,2175,304952.54
715,2176,322559.862
716,2177,250749.07
717,2178,219756.532364
718,2179,146029.550857
719,2180,229613.958
720,2181,192856.243951
721,2182,226676.6
722,2183,194326.556559
723,2184,131860.847333
724,2185,117620.650667
725,2186,136980.824
726,2187,140045.330752
727,2188,149390.045333
728,2189,197802.09
729,2190,85849.388
730,2191,91649.4
731,2192,92907.066
732,2193,95380.0998378
733,2194,99478.185
734,2195,110230.712
735,2196,114235.015
736,2197,111635.631286
737,2198,153527.988
738,2199,157983.215
739,2200,152633.13
740,2201,150536.893
741,2202,191303.428
742,2203,171083.738
743,2204,201327.235
744,2205,141887.336
745,2206,130858.838
746,2207,228204.19
747,2208,234359.476
748,2209,219140.242
749,2210,124322.786667
750,2211,113918.212871
751,2212,109775.455339
752,2213,103835.032809
753,2214,143624.07425
754,2215,102515.959083
755,2216,149714.63375
756,2217,64005.326
757,2218,95822.83
758,2219,72696.038
759,2220,76304.028
760,2221,333500.254
761,2222,256788.614
762,2223,239083.904
763,2224,196166.48
764,2225,138036.82
765,2226,169971.655
766,2227,199366.699818
767,2228,279334.46
768,2229,238066.898
769,2230,167361.488
770,2231,214334.479333
771,2232,189700.338
772,2233,179371.74
773,2234,254802.726
774,2235,209737.498
775,2236,276382.664
776,2237,349200.568
777,2238,199431.592
778,2239,116060.821
779,2240,160119.33
780,2241,154586.432
781,2242,131700.863778
782,2243,135345.588
783,2244,97039.642
784,2245,91674.584
785,2246,146333.826867
786,2247,100865.101545
787,2248,125602.941333
788,2249,127711.194275
789,2250,133825.424762
790,2251,122404.332
791,2252,164842.025
792,2253,162300.527167
793,2254,180268.078
794,2255,194029.334
795,2256,179259.284452
796,2257,207431.001333
797,2258,170070.579215
798,2259,181399.967452
799,2260,149440.234
800,2261,187372.642667
801,2262,204938.495111
802,2263,325704.564
803,2264,435508.852
804,2265,180865.65
805,2266,289415.394
806,2267,363341.446
807,2268,371291.966
808,2269,161893.094105
809,2270,180239.692326
810,2271,239660.191333
811,2272,199257.822
812,2273,168037.256
813,2274,176084.934
814,2275,170201.846
815,2276,173073.029333
816,2277,210670.868
817,2278,150048.413207
818,2279,124699.674837
819,2280,118843.62
820,2281,163749.108
821,2282,170508.741111
822,2283,96153.686
823,2284,109985.565561
824,2285,147610.428947
825,2286,130421.229734
826,2287,335915.588
827,2288,273990.078
828,2289,381528.218
829,2290,434726.304
830,2291,314606.912
831,2292,399977.494
832,2293,456191.458
833,2294,407475.57
834,2295,442586.452
835,2296,284473.203697
836,2297,313155.448
837,2298,328840.284
838,2299,385781.224
839,2300,320165.758
840,2301,284401.596
841,2302,234915.89
842,2303,243929.862
843,2304,248623.676
844,2305,191555.1092
845,2306,192669.503714
846,2307,190837.110022
847,2308,222386.46
848,2309,283046.602
849,2310,225187.824
850,2311,195731.835351
851,2312,177474.244
852,2313,173751.08356
853,2314,170695.760333
854,2315,172191.497391
855,2316,192082.334
856,2317,180702.942
857,2318,173102.116112
858,2319,173229.670362
859,2320,176527.757056
860,2321,248696.598
861,2322,169625.048314
862,2323,174609.639778
863,2324,166861.8705
864,2325,219521.991143
865,2326,165164.513
866,2327,208068.136857
867,2328,214036.772
868,2329,185161.054
869,2330,177202.224174
870,2331,353959.748
871,2332,410805.532
872,2333,310898.166
873,2334,262839.93
874,2335,260136.448
875,2336,332665.024
876,2337,202923.734625
877,2338,278308.376
878,2339,232157.67
879,2340,368826.926
880,2341,221856.055333
881,2342,239835.752
882,2343,222000.608
883,2344,236235.095333
884,2345,239935.572
885,2346,219884.201267
886,2347,199281.95655
887,2348,230118.488
888,2349,173466.182
889,2350,280014.146
890,2351,259944.382
891,2352,241403.176364
892,2353,233151.308
893,2354,125843.81
894,2355,149003.271167
895,2356,149666.83
896,2357,192603.203452
897,2358,195485.813429
898,2359,142991.076
899,2360,122205.565896
900,2361,136926.291206
901,2362,264782.78
902,2363,140446.800317
903,2364,149856.62
904,2365,217102.160917
905,2366,194182.960667
906,2367,222711.206667
907,2368,205637.069633
908,2369,222162.404667
909,2370,175609.572653
910,2371,174340.09764
911,2372,182743.016485
912,2373,266601.768
913,2374,294866.21
914,2375,242447.408
915,2376,279398.564
916,2377,347118.39
917,2378,147335.109
918,2379,226047.212
919,2380,144383.078667
920,2381,167202.634
921,2382,184193.253524
922,2383,210894.215143
923,2384,234403.526
924,2385,150101.054
925,2386,134141.204
926,2387,137448.380868
927,2388,104807.882
928,2389,128282.347801
929,2390,141416.939744
930,2391,134032.025
931,2392,115633.073543
932,2393,161519.682121
933,2394,140843.562667
934,2395,180840.44
935,2396,147482.792063
936,2397,183132.863
937,2398,124723.651871
938,2399,59432.2
939,2400,59212.294
940,2401,113945.26843
941,2402,136177.01275
942,2403,133801.293277
943,2404,149656.296994
944,2405,159684.877444
945,2406,136527.403333
946,2407,128266.987333
947,2408,137700.031873
948,2409,133578.839286
949,2410,157324.29147
950,2411,125370.423846
951,2412,155443.228724
952,2413,137239.010952
953,2414,134803.620262
954,2415,129316.501677
955,2416,129038.588071
956,2417,125415.805515
957,2418,124398.689561
958,2419,130748.907556
959,2420,128540.596
960,2421,146218.804333
961,2422,111519.115152
962,2423,124073.941636
963,2424,140028.27025
964,2425,173688.034
965,2426,122278.764
966,2427,135889.804
967,2428,158046.33
968,2429,115927.764974
969,2430,131272.350105
970,2431,123929.010667
971,2432,134762.225152
972,2433,142709.395667
973,2434,142193.128641
974,2435,149757.901788
975,2436,107627.210512
976,2437,110901.157333
977,2438,126538.725333
978,2439,115079.163333
979,2440,121511.072667
980,2441,105773.22
981,2442,106712.36045
982,2443,117835.728165
983,2444,125211.044
984,2445,92711.2633333
985,2446,132837.092
986,2447,216270.17
987,2448,144602.842381
988,2449,110484.266
989,2450,151403.704
990,2451,127559.1176
991,2452,201532.818
992,2453,95372.9063333
993,2454,125375.026
994,2455,106086.530303
995,2456,135657.558667
996,2457,116147.791978
997,2458,110445.857667
998,2459,111368.624359
999,2460,135412.544848
1000,2461,117889.611645
1001,2462,130809.265333
1002,2463,117975.920667
1003,2464,150027.862333
1004,2465,129913.997333
1005,2466,113314.567333
1006,2467,145027.944
1007,2468,90943.526
1008,2469,93554.1973333
1009,2470,182285.994667
1010,2471,182523.754
1011,2472,160275.77
1012,2473,115689.948
1013,2474,104099.128
1014,2475,212180.769143
1015,2476,118142.023444
1016,2477,132531.577
1017,2478,155352.959877
1018,2479,118207.962222
1019,2480,129963.124468
1020,2481,126074.55
1021,2482,134948.599333
1022,2483,116066.357125
1023,2484,125111.005293
1024,2485,122589.846679
1025,2486,151186.606142
1026,2487,181894.219846
1027,2488,142444.434
1028,2489,144154.137335
1029,2490,149306.392
1030,2491,97381.854
1031,2492,190234.042
1032,2493,141191.128857
1033,2494,160308.556
1034,2495,104590.506
1035,2496,226620.803333
1036,2497,145325.57839
1037,2498,117320.10734
1038,2499,89268.5473333
1039,2500,127745.82645
1040,2501,131945.610333
1041,2502,144432.846128
1042,2503,103863.969333
1043,2504,190107.208857
1044,2505,211822.236
1045,2506,255924.744
1046,2507,297369.756
1047,2508,255796.574
1048,2509,221400.222286
1049,2510,230362.962
1050,2511,185872.12011
1051,2512,210996.874
1052,2513,212876.898
1053,2514,242113.746
1054,2515,149312.008762
1055,2516,166743.296857
1056,2517,133442.573333
1057,2518,139569.078
1058,2519,222976.781143
1059,2520,203009.216
1060,2521,192538.538663
1061,2522,216603.636
1062,2523,133056.748762
1063,2524,139468.109111
1064,2525,142315.877524
1065,2526,141482.305333
1066,2527,121534.082
1067,2528,128703.871
1068,2529,136411.059111
1069,2530,129175.22
1070,2531,238755.331333
1071,2532,226776.543333
1072,2533,195520.863063
1073,2534,241408.766
1074,2535,299607.064
1075,2536,224045.409429
1076,2537,225983.846444
1077,2538,182517.029543
1078,2539,183842.357031
1079,2540,178909.12075
1080,2541,177672.166019
1081,2542,170536.942833
1082,2543,121654.243333
1083,2544,127730.573762
1084,2545,130162.110667
1085,2546,140128.09475
1086,2547,128972.122
1087,2548,149975.462
1088,2549,152935.826
1089,2550,342342.614
1090,2551,145058.30981
1091,2552,118245.022133
1092,2553,87963.902
1093,2554,112400.726
1094,2555,104698.951991
1095,2556,104288.201286
1096,2557,113015.12
1097,2558,158087.816667
1098,2559,161001.576
1099,2560,148997.837
1100,2561,138958.424
1101,2562,160026.26
1102,2563,165635.338
1103,2564,179421.514772
1104,2565,140135.322
1105,2566,183584.049917
1106,2567,146839.111439
1107,2568,194079.556
1108,2569,191774.35
1109,2570,122809.252667
1110,2571,194395.268667
1111,2572,186367.966667
1112,2573,230481.776
1113,2574,291433.716
1114,2575,125373.271778
1115,2576,132747.532
1116,2577,149660.626
1117,2578,98920.2708312
1118,2579,76628.1293333
1119,2580,132205.150286
1120,2581,129759.559143
1121,2582,113514.930355
1122,2583,284864.982
1123,2584,159534.183111
1124,2585,172927.075667
1125,2586,199241.718287
1126,2587,189859.41
1127,2588,140953.979333
1128,2589,142613.706667
1129,2590,223353.672
1130,2591,204250.461333
1131,2592,229202.647714
1132,2593,258942.27
1133,2594,180672.056257
1134,2595,207483.057444
1135,2596,329982.084
1136,2597,191277.597333
1137,2598,276076.394
1138,2599,318978.32
1139,2600,151420.544
1140,2601,130431.126182
1141,2602,85267.158
1142,2603,89344.642
1143,2604,86517.2
1144,2605,86192.58
1145,2606,143240.706
1146,2607,171515.439333
1147,2608,181656.378667
1148,2609,161382.614667
1149,2610,115407.106
1150,2611,150225.261333
1151,2612,149613.468111
1152,2613,128060.825
1153,2614,125367.262095
1154,2615,146823.28475
1155,2616,137117.317333
1156,2617,158239.043556
1157,2618,173138.178
1158,2619,207318.308
1159,2620,186952.508
1160,2621,182522.521333
1161,2622,188056.962
1162,2623,248046.268
1163,2624,270812.016
1164,2625,317901.366
1165,2626,168116.243256
1166,2627,185810.945048
1167,2628,422359.502
1168,2629,456643.272
1169,2630,351012.042
1170,2631,457968.308
1171,2632,403649.726
1172,2633,311455.6
1173,2634,381335.66
1174,2635,150573.572
1175,2636,191112.374444
1176,2637,159766.846
1177,2638,254796.184
1178,2639,187251.211333
1179,2640,149465.798667
1180,2641,109968.590667
1181,2642,170504.014
1182,2643,97404.616
1183,2644,127539.944444
1184,2645,98705.9693333
1185,2646,90918.286
1186,2647,98165.386
1187,2648,138152.954
1188,2649,143545.700857
1189,2650,146749.270667
1190,2651,148957.057333
1191,2652,440279.466
1192,2653,255809.206
1193,2654,252997.198
1194,2655,367747.916
1195,2656,326489.226
1196,2657,335322.932
1197,2658,281550.322
1198,2659,303715.146
1199,2660,324106.694
1200,2661,333552.18
1201,2662,345472.228
1202,2663,281984.982364
1203,2664,280208.18
1204,2665,315279.93
1205,2666,283590.52
1206,2667,168900.209351
1207,2668,175163.354008
1208,2669,174974.404208
1209,2670,277121.508
1210,2671,176562.503078
1211,2672,180395.254537
1212,2673,206308.985758
1213,2674,209544.938633
1214,2675,167215.77
1215,2676,184058.576891
1216,2677,202264.126
1217,2678,253166.842
1218,2679,280652.416
1219,2680,273436.332364
1220,2681,418610.994
1221,2682,329825.378
1222,2683,501871.066
1223,2684,307378.852
1224,2685,349757.622
1225,2686,261570.860364
1226,2687,322941.43
1227,2688,231517.324
1228,2689,214477.125754
1229,2690,443631.618
1230,2691,195370.018667
1231,2692,136546.834
1232,2693,188930.086393
1233,2694,134064.648353
1234,2695,187699.651931
1235,2696,182339.687089
1236,2697,189499.293333
1237,2698,194331.99
1238,2699,181152.969333
1239,2700,168087.669333
1240,2701,157287.338
1241,2702,119506.308444
1242,2703,136341.604
1243,2704,139435.616813
1244,2705,126021.18609
1245,2706,119595.628252
1246,2707,125604.209
1247,2708,132217.105444
1248,2709,111611.558441
1249,2710,125595.369012
1250,2711,286005.176
1251,2712,363950.48
1252,2713,172085.876252
1253,2714,150678.05025
1254,2715,173163.272772
1255,2716,157285.038853
1256,2717,186799.532857
1257,2718,231791.657333
1258,2719,161083.924
1259,2720,166784.34
1260,2721,141299.543016
1261,2722,160511.35
1262,2723,143386.950667
1263,2724,129983.0
1264,2725,134245.315677
1265,2726,145530.310355
1266,2727,160450.266667
1267,2728,160440.488693
1268,2729,153030.977556
1269,2730,143754.671232
1270,2731,122343.908167
1271,2732,117588.984714
1272,2733,156231.383202
1273,2734,147759.199619
1274,2735,133481.423333
1275,2736,142307.251197
1276,2737,124107.402358
1277,2738,132651.204854
1278,2739,158609.365556
1279,2740,128628.610564
1280,2741,146458.083175
1281,2742,151502.930238
1282,2743,150485.907333
1283,2744,145910.1299
1284,2745,136795.268795
1285,2746,132724.276333
1286,2747,147308.055988
1287,2748,128293.694744
1288,2749,129701.584439
1289,2750,133440.05
1290,2751,127625.856762
1291,2752,214032.808
1292,2753,148340.516095
1293,2754,191686.456
1294,2755,126840.466
1295,2756,92450.686
1296,2757,85678.316
1297,2758,84868.1473333
1298,2759,151163.314
1299,2760,129689.582513
1300,2761,146008.727714
1301,2762,144166.118337
1302,2763,166290.896684
1303,2764,160955.25
1304,2765,236331.152
1305,2766,140470.118667
1306,2767,91680.794
1307,2768,124824.613523
1308,2769,132704.986308
1309,2770,144687.493
1310,2771,120549.180592
1311,2772,119507.106
1312,2773,144649.276
1313,2774,139133.301179
1314,2775,130839.41
1315,2776,138890.880538
1316,2777,148829.288846
1317,2778,116295.929333
1318,2779,128805.552667
1319,2780,108057.444222
1320,2781,106280.827953
1321,2782,95168.9471111
1322,2783,108814.313714
1323,2784,125880.619143
1324,2785,145693.542
1325,2786,76792.004
1326,2787,114008.156311
1327,2788,88690.195049
1328,2789,189874.252
1329,2790,98314.7273333
1330,2791,115386.194
1331,2792,75972.916
1332,2793,148265.509351
1333,2794,99605.7046667
1334,2795,115828.525311
1335,2796,102194.559879
1336,2797,172149.348667
1337,2798,117515.810667
1338,2799,120526.176667
1339,2800,78921.846
1340,2801,110464.91445
1341,2802,136311.876797
1342,2803,145755.586667
1343,2804,136082.864
1344,2805,94823.294
1345,2806,99848.3489451
1346,2807,147428.379152
1347,2808,147310.147762
1348,2809,132486.076333
1349,2810,135360.634349
1350,2811,153212.246168
1351,2812,144948.243333
1352,2813,149963.100974
1353,2814,156939.256308
1354,2815,102676.98
1355,2816,246332.978
1356,2817,137890.54
1357,2818,132093.863333
1358,2819,175948.923333
1359,2820,136857.717343
1360,2821,108657.971333
1361,2822,176911.116
1362,2823,219133.84
1363,2824,171882.135455
1364,2825,145083.181692
1365,2826,130402.987545
1366,2827,137755.490332
1367,2828,222660.41
1368,2829,178775.29
1369,2830,234108.13
1370,2831,187962.331248
1371,2832,234649.21
1372,2833,288565.254
1373,2834,215116.226286
1374,2835,219580.422286
1375,2836,191345.277669
1376,2837,171274.749641
1377,2838,144316.41
1378,2839,180895.212
1379,2840,192904.933746
1380,2841,201190.806477
1381,2842,224902.881091
1382,2843,166213.087
1383,2844,168489.128
1384,2845,124198.07122
1385,2846,208275.262015
1386,2847,201165.754
1387,2848,216357.117944
1388,2849,206268.30819
1389,2850,273064.934
1390,2851,231638.352
1391,2852,228051.473429
1392,2853,229092.68
1393,2854,140218.2
1394,2855,196757.439595
1395,2856,205679.344215
1396,2857,187112.105411
1397,2858,197127.893412
1398,2859,134451.572
1399,2860,120300.366667
1400,2861,128925.182762
1401,2862,177609.124
1402,2863,116954.992545
1403,2864,232481.718
1404,2865,142397.058974
1405,2866,135613.06
1406,2867,89719.1813333
1407,2868,104402.355333
1408,2869,122921.747179
1409,2870,152408.725026
1410,2871,104828.38
1411,2872,62655.7293333
1412,2873,105267.337636
1413,2874,137097.095371
1414,2875,123361.908667
1415,2876,149025.398
1416,2877,141566.781333
1417,2878,166316.016
1418,2879,139949.718
1419,2880,111623.732667
1420,2881,168270.252875
1421,2882,178751.529333
1422,2883,174892.97098
1423,2884,179966.86
1424,2885,179141.24
1425,2886,234607.576
1426,2887,103921.524667
1427,2888,123454.117
1428,2889,64117.836
1429,2890,83045.986
1430,2891,137323.188421
1431,2892,59174.174
1432,2893,110684.784
1433,2894,61788.892
1434,2895,314803.098
1435,2896,290587.064
1436,2897,179798.133333
1437,2898,143432.211636
1438,2899,230185.458667
1439,2900,159908.447333
1440,2901,211439.626
1441,2902,194081.546
1442,2903,341560.056
1443,2904,343770.622
1444,2905,116031.792667
1445,2906,195446.903333
1446,2907,116917.874667
1447,2908,128737.395498
1448,2909,145424.853636
1449,2910,81633.344
1450,2911,83643.216
1451,2912,152861.302
1452,2913,87872.91
1453,2914,82410.75
1454,2915,84072.022
1455,2916,84214.9213333
1456,2917,154414.206
1457,2918,111667.518
1458,2919,200620.028
